pas de ; a la fin de VALUES  exmple = '2001-12-19');     ( ; == ❌)


INSERT INTO FILM_CULL(TYPE_DE_FILM, TITRE, ACTEUR_PR, HISTOIRE, DATE_DE_SORTIE) VALUES 
('Science-Fiction', 'Inception', 'Leonardo DiCaprio', 'Un voleur qui s''infiltre dans les rêves pour implanter une idée.', '2010-07-21'),
('Drame', 'Le Parrain', 'Marlon Brando', 'La vie d''une puissante famille de la mafia sicilienne à New York.', '1972-10-18'),
('Science-Fiction', 'Interstellar', 'Matthew McConaughey', 'Un groupe d''astronautes voyage à travers un trou de ver pour sauver l''humanité.', '2014-11-05'),
('Drame', 'Forrest Gump', 'Tom Hanks', 'La vie simple d''un homme simple qui traverse l''histoire des États-Unis.', '1994-10-05'),
('Action', 'The Dark Knight', 'Christian Bale', 'Batman affronte le Joker pour sauver Gotham du chaos.', '2008-08-13'),
('Drame', 'La Ligne Verte', 'Tom Hanks', 'Le quotidien de gardiens de prison chargés des condamnés à mort.', '2000-03-01'),
('Drame', 'Pulp Fiction', 'John Travolta', 'Les histoires croisées de criminels et de truands à Los Angeles.', '1994-10-26'),
('Action', 'Gladiator', 'Russell Crowe', 'Un général romain déchu devient gladiateur pour se venger de l''empereur.', '2000-06-20'),
('Science-Fiction', 'Matrix', 'Keanu Reeves', 'Un programmeur découvre que la réalité n''est qu''une simulation virtuelle.', '1999-06-23'),
('Drame', 'Fight Club', 'Brad Pitt', 'Un homme dépressif crée un club de combat clandestin avec un vendeur de savon.', '1999-11-10'),
('Animation', 'Le Roi Lion', 'Emmanuel Curtil', 'Le jeune lion Simba doit reconquérir le royaume de son père assassiné.', '1994-11-23'),
('Science-Fiction', 'Avatar', 'Sam Worthington', 'Un marine paraplégique est envoyé sur Pandora et s''unit à son peuple autochtone.', '2009-12-16'),
('Drame', 'Titanic', 'Leonardo DiCaprio', 'Une histoire d''amour tragique à bord du célèbre paquebot transatlantique.', '1997-01-07'),
('Aventure', 'Le Seigneur des Anneaux : La Communauté de l''Anneau', 'Elijah Wood', 'Un jeune Hobbit doit détruire un anneau maléfique pour sauver la Terre du Milieu.', '2001-12-19');








------------------------------------------------------------🤤😄❤️👌------------------------------------------------------------------------------------- 







INSERT INTO FILM_CULL(TYPE_DE_FILM, TITRE, ACTEUR_PR, HISTOIRE, DATE_DE_SORTIE) VALUES 
('Comédie', 'Intouchables', 'Omar Sy', 'Une amitié improbable entre un riche aristocrate tétraplégique et un jeune de banlieue.', '2011-11-02'),
('Horreur', 'Shining', 'Jack Nicholson', 'Un écrivain devient gardien d''un hôtel isolé et bascule peu à peu dans la folie.', '1980-05-23'),
('Science-Fiction', 'Retour vers le futur', 'Michael J. Fox', 'Un adolescent voyage accidentellement en 1955 à bord d''une voiture temporelle.', '1985-10-30'),
('Thriller', 'Parasite', 'Song Kang-ho', 'Une famille pauvre s''infiltre astucieusement dans le quotidien d''une riche maison.', '2019-05-22'),
('Action', 'Mad Max: Fury Road', 'Tom Hardy', 'Dans un monde post-apocalyptique un homme s''allie à une rebelle pour fuir un tyran.', '2015-05-14'),
('Drame', 'La Liste de Schindler', 'Liam Neeson', 'Un industriel allemand sauve des centaines de Juifs durant la Seconde Guerre mondiale.', '1994-03-02'),
('Comédie', 'Le Dîner de Cons', 'Thierry Lhermitte', 'Un éditeur organise chaque semaine un dîner où chacun doit amener un idiot.', '1998-04-15'),
('Biopic', 'Oppenheimer', 'Cillian Murphy', 'Le parcours du physicien qui a dirigé la création de la première bombe atomique.', '2023-07-19'),
('Science-Fiction', 'Dune', 'Timothée Chalamet', 'Un jeune homme brillant doit se rendre sur la planète la plus dangereuse de l''univers.', '2021-09-15'),
('Action', 'John Wick', 'Keanu Reeves', 'Un ancien tueur à gages reprend les armes pour venger la mort de son chien.', '2014-10-29'),
('Drame', 'Le Loup de Wall Street', 'Leonardo DiCaprio', 'L''ascension et la chute d''un courtier en bourse flamboyant et corrompu.', '2013-12-25'),
('Horreur', 'L''Exorciste', 'Ellen Burstyn', 'Une mère fait appel à deux prêtres pour sauver sa fille possédée par un démon.', '1974-09-11'),
('Comédie', 'The Truman Show', 'Jim Carrey', 'Un agent d''assurances découvre que sa vie entière est une émission de télé-réalité.', '1998-10-28'),
('Animation', 'Le Voyage de Chihiro', 'Rumi Hiiragi', 'Une fillette entre dans le monde des esprits pour sauver ses parents transformés en porcs.', '2002-04-10'),
('Science-Fiction', 'Blade Runner 2049', 'Ryan Gosling', 'Un flic déterre un secret qui pourrait plonger ce qui reste de la société dans le chaos.', '2017-10-04'),
('Thriller', 'Le Silence des Agneaux', 'Jodie Foster', 'Une agente du FBI collabore avec un tueur cannibale pour en attraper un autre.', '1991-04-10'),
('Action', 'Kill Bill : Volume 1', 'Uma Thurman', 'Une mariée laissée pour morte se réveille et entame une vengeance sanglante.', '2003-11-26'),
('Aventure', 'Indiana Jones et les Aventuriers de l''arche perdue', 'Harrison Ford', 'Un archéologue courageux cherche une relique sacrée avant les nazis.', '1981-09-16'),
('Guerre', 'Il faut sauver le soldat Ryan', 'Tom Hanks', 'Une escouade américaine recherche un soldat dont tous les frères sont morts au combat.', '1998-09-30'),
('Western', 'Le Bon, la Brute et le Truand', 'Clint Eastwood', 'Trois aventuriers recherchent un trésor caché pendant la guerre de Sécession.', '1968-03-08'),
('Drame', 'Whiplash', 'Miles Teller', 'Un jeune batteur de jazz intègre un conservatoire où un professeur le pousse à bout.', '2014-12-24'),
('Science-Fiction', 'Star Wars : L''Empire contre-attaque', 'Mark Hamill', 'Luke Skywalker commence son entraînement Jedi tandis que l''Empire traque ses amis.', '1980-08-20'),
('Action', 'Die Hard : Piège de cristal', 'Bruce Willis', 'Un policier new-yorkais affronte seul des terroristes dans un gratte-ciel de Los Angeles.', '1988-09-21'),
('Horreur', 'Get Out', 'Daniel Kaluuya', 'Un jeune Afro-Américain découvre le secret terrifiant de la famille de sa petite amie.', '2017-05-03'),
('Drame', 'La La Land', 'Ryan Gosling', 'Une actrice débutante et un pianiste de jazz tombent amoureux à Los Angeles.', '2017-01-25'),
('Thriller', 'Seven', 'Brad Pitt', 'Deux inspecteurs traquent un tueur en série qui s''inspire des sept péchés capitaux.', '1996-01-31'),
('Comédie', 'Le Fabuleux Destin d''Amélie Poulain', 'Audrey Tautou', 'Une jeune serveuse parisienne décide de faire secrètement le bien autour d''elle.', '2001-04-25'),
('Science-Fiction', 'Alien, le huitième passager', 'Sigourney Weaver', 'L''équipage d''un vaisseau spatial est traqué par une créature extraterrestre mortelle.', '1979-09-12'),
('Animation', 'Spider-Man: New Generation', 'Shameik Moore', 'Un adolescent de Brooklyn devient le nouveau Spider-Man et croise d''autres dimensions.', '2018-12-12'),
('Action', 'Top Gun: Maverick', 'Tom Cruise', 'Un pilote d''élite forme de jeunes recrues pour une mission spéciale de haut vol.', '2022-05-25'),
('Drame', 'Le Showshank Redemption', 'Tim Robbins', 'L''amitié et la résilience de deux prisonniers condamnés à de longues peines.', '1995-03-01'),
('Thriller', 'Shutter Island', 'Leonardo DiCaprio', 'Un marshal enquête sur la disparition d''une patiente dans un hôpital psychiatrique.', '2010-02-24'),
('Aventure', 'Jurassic Park', 'Sam Neill', 'Un parc d''attractions peuplé de dinosaures clonés tourne au cauchemar technologique.', '1993-10-20'),
('Comédie', 'La Cité de la peur', 'Alain Chabat', 'Un tueur en série élimine les projectionnistes d''un film d''horreur à Cannes.', '1994-03-09'),
('Horreur', 'Conjuring : Les Dossiers Warren', 'Vera Farmiga', 'Un couple de chasseurs de fantômes aide une famille terrifiée par un esprit maléfique.', '2013-08-21'),
('Drame', 'Green Book : Sur les routes du sud', 'Viggo Mortensen', 'Un videur italo-américain devient le chauffeur d''un pianiste noir en tournée.', '2019-01-23'),
('Science-Fiction', 'Prestige', 'Hugh Jackman', 'Deux magiciens rivaux à Londres se livrent une guerre obsessionnelle pour un tour.', '2006-11-15'),
('Action', 'Terminator 2 : Le Jugement dernier', 'Arnold Schwarzenegger', 'Un cyborg est envoyé du futur pour protéger un adolescent d''un modèle plus évolué.', '1991-10-16'),
('Biopic', 'Bohemian Rhapsody', 'Rami Malek', 'Le destin extraordinaire du groupe Queen et de leur chanteur Freddie Mercury.', '2018-10-31'),
('Animation', 'Coco', 'Anthony Gonzalez', 'Un jeune garçon se retrouve propulsé dans le coloré et joyeux Royaume des Morts.', '2017-11-29'),
('Romance', 'Eternal Sunshine of the Spotless Mind', 'Jim Carrey', 'Un homme décide d''effacer chirurgicalement tous les souvenirs de son ex-petite amie.', '2004-10-06'),
('Science-Fiction', 'Arrival', 'Amy Adams', 'Une linguiste tente de communiquer avec des extraterrestres venus sur Terre.', '2016-12-07'),
('Action', 'Heat', 'Al Pacino', 'Un détective obsessionnel de la police de LA traque un braqueur de banque brillant.', '1996-02-21'),
('Drame', 'Django Unchained', 'Jamie Foxx', 'Un esclave libéré s''allie à un chasseur de primes pour sauver sa femme.', '2013-01-16'),
('Horreur', 'Hérédité', 'Toni Collette', 'Une famille découvre des secrets terrifiants sur leurs ancêtres après la mort de la grand-mère.', '2018-06-13'),
('Thriller', 'Zodiac', 'Jake Gyllenhaal', 'Un dessinateur de presse s''obsède pour l''identité d''un mystérieux tueur en série.', '2007-05-17'),
('Comédie', 'La Grande Vadrouille', 'Louis de Funès', 'Des civils français aident des aviateurs britanniques à fuir la France occupée.', '1966-12-08'),
('Animation', 'WALL-E', 'Ben Burtt', 'Un petit robot resté seul sur Terre tombe amoureux d''une sonde spatiale moderne.', '2008-07-30'),
('Drame', 'Joker', 'Joaquin Phoenix', 'Un humoriste raté et méprisé bascule dans la folie pour devenir un criminel de génie.', '2019-10-09'),
('Action', 'Casino Royale', 'Daniel Craig', 'James Bond participe à une partie de poker à haut risque pour ruiner un terroriste.', '2006-11-22');









----------------------------------------------------------😝😝😝😝---------------------------------------------------------------








INSERT INTO FILM_CULL(TYPE_DE_FILM, TITRE, ACTEUR_PR, HISTOIRE, DATE_DE_SORTIE) VALUES 
('Science-Fiction', 'Dune: Part Three', 'Timothée Chalamet', 'Paul Atreides affronte les conséquences de sa guerre sainte et le fardeau de son pouvoir.', '2026-12-16'),
('Action', 'Avengers: Doomsday', 'Robert Downey Jr.', 'Les héros de l''univers s''unissent pour faire face à la menace interdimensionnelle du Docteur Doom.', '2026-12-16'),
('Action', 'Gladiator II', 'Paul Mescal', 'Des années après la mort de Maximus, Lucius est forcé de se battre dans le Colisée.', '2024-10-18'),
('Horreur', '28 Years Later: The Bone Temple', 'Ralph Fiennes', 'Des décennies après l''épidémie initiale, les survivants affrontent une menace pire que le virus.', '2026-01-14'),
('Action', 'Jumanji: Open World', 'Dwayne Johnson', 'Le monde magique de Jumanji bugge et s''empare de la réalité à cause d''un glitch.', '2026-12-23'),
('Science-Fiction', 'Alien: Romulus', 'Cailee Spaeny', 'De jeunes colons de l''espace fouillent une station abandonnée et réveillent une créature mortelle.', '2024-08-12'),
('Animation', 'Nero, chat noir', 'Pixar Voice', 'Les aventures d''un chat noir au coeur d''une histoire magique signée par les studios Pixar.', '2027-03-03'),
('Action', 'The Beekeeper 2', 'Jason Statham', 'Un ancien agent d''une organisation clandestine reprend les armes pour démanteler un réseau corrompu.', '2027-01-15'),
('Biopic', 'Michael', 'Jaafar Jackson', 'Le film biographique retraçant la vie complexe, la carrière et le génie musical de Michael Jackson.', '2026-04-18'),
('Comédie', 'Secondes chances', 'Thomas Lilti Cast', 'Une plongée humaine et pleine d''humour dans les coulisses de la réinsertion sociale.', '2027-01-13'),
('Action', 'Sonic the Hedgehog 4', 'Ben Schwartz', 'Quatrième volet des aventures à toute vitesse du hérisson bleu face à de nouveaux rivaux.', '2027-03-11'),
('Science-Fiction', 'Star Wars: Starfighter', 'Ryan Gosling', 'Un pilote d''élite de la galaxie mène une escadrille dans une bataille spatiale cruciale.', '2027-05-26'),
('Horreur', 'Werwulf : La Bête maudite', 'Horror Cast', 'Une plongée horrifique et historique aux origines d''une bête sanguinaire qui terrifie un village.', '2027-01-06'),
('Action', 'Fast Forever', 'Vin Diesel', 'L''ultime chapitre de la saga Fast and Furious où Dominic Toretto protège sa famille une dernière fois.', '2028-03-17'),
('Drame', '7h40 ce matin-là', 'Marion Cotillard', 'Le destin croisé de plusieurs personnages dont la vie bascule au tout début d''une matinée ordinaire.', '2026-05-20'),
('Animation', 'Shrek 5', 'Mike Myers', 'Le retour de l''ogre vert le plus célèbre du cinéma pour de nouvelles aventures humoristiques.', '2027-06-18'),
('Animation', 'L''Âge de glace 6', 'Chris Wedge Voice', 'Manny, Diego et Sid reviennent pour affronter les dangers du réveil d''un volcan géant.', '2027-02-03'),
('Thriller', 'Locked', 'Bill Skarsgård', 'Un cambrioleur se retrouve piégé à l''intérieur d''un SUV de luxe par un mystérieux autodidacte.', '2025-03-21'),
('Thriller', 'In the Grey', 'Henry Cavill', 'Une équipe d''extraction d''élite tente de récupérer une fortune volée sur une île privée.', '2026-05-14'),
('Crime', 'Tuner', 'Leo Woodall', 'Un accordeur de piano utilise son ouïe exceptionnelle pour devenir un perceur de coffres-forts.', '2025-08-30'),
('Musical', 'Kiss of the Spider Woman', 'Jennifer Lopez', 'Deux prisonniers partagent une cellule et s''évadent mentalement grâce à des comédies musicales.', '2025-01-26'),
('Science-Fiction', 'Predator: Badlands', 'Elle Fanning', 'Sur une planète hostile, un jeune Predator banni s''allie à un androïde pour survivre.', '2025-11-05'),
('Drame', 'Resurrection', 'Jackson Yee', 'Dans un futur sans rêves, une femme voyage à travers un siècle d''histoire pour retrouver la mémoire.', '2025-05-22'),
('Comédie', 'Father Mother Sister Brother', 'Jim Jarmusch Cast', 'Une comédie dramatique chorale qui explore les relations complexes au sein d''une famille dysfonctionnelle.', '2026-01-06'),
('Animation', 'Spider-Man: Beyond the Spider-Verse', 'Shameik Moore', 'Miles Morales doit accomplir sa mission finale à travers le multivers pour sauver ses proches.', '2027-06-22');











-------------------------------------------------------------------❤️❤️👌😁----------------------------------------------------------------------------



INSERT INTO FILM_CULL(TYPE_DE_FILM, TITRE, ACTEUR_PR, HISTOIRE, DATE_DE_SORTIE) VALUES 
('Science-Fiction', 'Avatar 4 : Le Cavalier de Tulkun', 'Sam Worthington', 'Les conflits s''intensifient sur Pandora alors que de nouveaux clans de l''océan s''unissent contre la RDA.', '2027-12-17'),
('Action', 'The Batman - Part III', 'Robert Pattinson', 'Le Chevalier Noir affronte une nouvelle alliance de criminels qui menace de détruire définitivement Gotham.', '2028-10-06'),
('Action', 'Mission: Impossible 9', 'Tom Cruise', 'Ethan Hunt embarque dans sa traque technologique la plus redoutable pour désactiver l''Entité mondiale.', '2027-05-21'),
('Animation', 'La Reine des Neiges 3', 'Idina Menzel Voice', 'Elsa et Anna explorent les frontières de leur royaume pour découvrir la source originelle de la magie.', '2027-11-24'),
('Aventure', 'Minecraft: Le Film', 'Jason Momoa', 'Quatre marginaux se retrouvent propulsés à travers un portail dans un monde cubique étrange.', '2027-04-02'),
('Horreur', 'I Know What You Did Last Summer', 'Jennifer Love Hewitt', 'Le tueur au crochet revient terroriser une nouvelle génération d''adolescents dans une petite ville côtière.', '2027-07-16'),
('Science-Fiction', 'Tron: Ares', 'Jared Leto', 'Un programme hautement sophistiqué est envoyé du monde numérique vers le monde réel pour une mission périlleuse.', '2027-10-08'),
('Action', 'Sherlock Holmes 3', 'Robert Downey Jr.', 'Le célèbre détective et son fidèle ami le docteur Watson reprennent du service pour une enquête internationale.', '2027-12-22'),
('Animation', 'Toy Story 5', 'Tom Hanks Voice', 'Les jouets cultes d''Andy font face à une concurrence inédite : l''obsession des enfants pour les écrans.', '2027-06-19'),
('Thriller', 'Now You See Me 3', 'Jesse Eisenberg', 'Les Quatre Cavaliers reviennent pour un tour d''illusionnisme encore plus spectaculaire à l''échelle globale.', '2027-11-12'),
('Horreur', 'Five Nights at Freddy''s 2', 'Josh Hutcherson', 'Un nouveau veilleur de nuit doit survivre face aux animatroniques meurtriers d''une pizzeria abandonnée.', '2026-12-04'),
('Action', 'Supergirl: Woman of Tomorrow', 'Milly Alcock', 'La cousine de Superman voyage à travers le cosmos aux côtés d''un chien fidèle pour accomplir une vengeance.', '2027-06-26'),
('Science-Fiction', 'Blade Runner: Replicant City', 'Florence Pugh', 'Dans un Los Angeles dystopique, une détective traque une nouvelle génération de réplicants rebelles.', '2028-04-12'),
('Animation', 'Les Indestructibles 3', 'Craig T. Nelson Voice', 'La famille de super-héros revient pour faire face à une menace technologique qui paralyse la ville.', '2028-06-21'),
('Thriller', 'The Accountant 2', 'Ben Affleck', 'Un comptable autiste qui travaille pour des organisations criminelles doit protéger sa famille d''un tueur.', '2027-08-20'),
('Biopic', 'Deliver Me From Nowhere', 'Jeremy Allen White', 'Le récit de la création de l''album mythique Nebraska par le chanteur de rock Bruce Springsteen.', '2027-04-16'),
('Action', 'Nobody 2', 'Bob Odenkirk', 'Un père de famille au passé secret de tueur à gages doit à nouveau nettoyer sa ville des mafieux.', '2027-08-13'),
('Comédie', 'Freakier Friday', 'Lindsay Lohan', 'Des années après leur premier échange de corps, une mère et sa fille revivent la même expérience.', '2027-08-06'),
('Horreur', 'The Conjuring: Last Rites', 'Patrick Wilson', 'Les enquêteurs paranormaux Ed et Lorraine Warren affrontent leur ultime et plus terrifiant dossier.', '2027-09-10'),
('Action', 'Mortal Kombat 2', 'Karl Urban', 'Les guerriers du Royaume de la Terre se rassemblent à nouveau pour disputer le tournoi ultime.', '2026-10-24'),
('Drame', 'The Drama', 'Zendaya', 'L''histoire d''un couple dont la relation commence à s''effondrer juste avant le jour de leur mariage.', '2027-02-12'),
('Science-Fiction', 'Jurassic World: Rebirth', 'Scarlett Johansson', 'Une équipe de scientifiques tente d''extraire l''ADN des trois créatures les plus massives de la Terre.', '2027-07-02'),
('Animation', 'Elio', 'Yonas Kibreab Voice', 'Un jeune garçon se retrouve par erreur nommé ambassadeur de la Terre auprès d''une alliance extraterrestre.', '2027-06-13'),
('Comédie', 'Les Tuche 5 : God Save The Tuche', 'Jean-Paul Rouve', 'La célèbre famille française débarque en Angleterre et bouscule les codes de la famille royale.', '2027-02-03'),
('Action', 'Cliffhanger 2', 'Sylvester Stallone', 'Un alpiniste chevronné reprend du service pour sauver un groupe de touristes pris en otage en altitude.', '2027-11-05');











----------------------------------------------------------------------🤣🤣😭--------------------------------------------------------------------------










INSERT INTO FILM_CULL(TYPE_DE_FILM, TITRE, ACTEUR_PR, HISTOIRE, DATE_DE_SORTIE) VALUES 
('Drame', 'Les Évadés', 'Tim Robbins', 'Un banquier injustement condamné pour meurtre garde espoir au sein d''une prison difficile.', '1995-03-01'),
('Guerre', 'Apocalypse Now', 'Marlon Brando', 'Pendant la guerre du Vietnam, un capitaine est chargé de liquider un colonel devenu fou.', '1979-09-19'),
('Drame', 'Vol au-dessus d''un nid de coucou', 'Jack Nicholson', 'Un rebelle simule la folie pour éviter la prison et révolutionne un hôpital psychiatrique.', '1976-03-01'),
('Western', 'Impitoyable', 'Clint Eastwood', 'Un ancien tueur à gages vieillissant reprend les armes pour une dernière prime de vengeance.', '1992-09-09'),
('Drame', 'Citizen Kane', 'Orson Welles', 'Un groupe de journalistes tente de percer le mystère du dernier mot prononcé par un magnat de la presse.', '1946-07-03'),
('Romance', 'Casablanca', 'Humphrey Bogart', 'Pendant la Seconde Guerre mondiale, un américain retrouve son ancien amour exilé au Maroc.', '1947-05-23'),
('Thriller', 'Psychose', 'Anthony Perkins', 'Une jeune femme en fuite s''arrête dans un motel isolé géré par un homme étrange.', '1960-11-02'),
('Thriller', 'Fenêtre sur cour', 'James Stewart', 'Un photographe immobilisé chez lui s''obsède pour ses voisins et suspecte un meurtre.', '1955-04-01'),
('Science-Fiction', '2001 : L''Odyssée de l''espace', 'Keir Dullea', 'Un ordinateur d''un vaisseau spatial commence à dysfonctionner lors d''une mission vers Jupiter.', '1968-09-27'),
('Comédie', 'Les Temps modernes', 'Charlie Chaplin', 'Le célèbre personnage de Charlot se bat pour survivre dans le monde industriel des usines.', '1936-09-24'),
('Drame', 'Le Dictateur', 'Charlie Chaplin', 'Une satire féroce et historique d''un barbier juif confondu avec un dictateur impitoyable.', '1945-04-04'),
('Drame', 'La vie est belle', 'Roberto Benigni', 'Un père juif utilise son imagination pour protéger son jeune fils de l''horreur des camps.', '1998-10-21'),
('Policier', 'Les Affranchis', 'Ray Liotta', 'L''ascension et la chute d''un jeune homme qui réalise son rêve d''intégrer la mafia.', '1990-09-12'),
('Policier', 'Scarface', 'Al Pacino', 'Un réfugié cubain débarque à Miami et devient le baron de la drogue le plus redouté.', '1984-03-07'),
('Drame', 'Taxi Driver', 'Robert De Niro', 'Un vétéran du Vietnam solitaire et instable devient chauffeur de taxi de nuit à New York.', '1976-06-02'),
('Drame', 'Les Sept Samouraïs', 'Toshiro Mifune', 'Un village de paysans menacé par des bandits engage des samouraïs sans maîtres pour se défendre.', '1954-04-26'),
('Action', 'Léon', 'Jean Reno', 'Un tueur à gages solitaire prend sous son aile une jeune fille dont la famille a été massacrée.', '1994-09-14'),
('Drame', 'Amadeus', 'F. Murray Abraham', 'La rivalité obsessionnelle et destructrice du compositeur Salieri envers le génie de Mozart.', '1984-10-31'),
('Aventure', 'Lawrence d''Arabie', 'Peter O''Toole', 'Le destin d''un officier britannique qui rallie les tribus arabes contre l''Empire ottoman.', '1963-03-15'),
('Musical', 'Chantons sous la pluie', 'Gene Kelly', 'La transition difficile mais joyeuse du cinéma muet vers le cinéma parlant à Hollywood.', '1953-09-11'),
('Fantastique', 'Le Labyrinthe de Pan', 'Ivana Baquero', 'En 1944, une fillette s''évade de la cruauté de son beau-père en découvrant un monde magique.', '2006-11-01'),
('Crime', 'Reservoir Dogs', 'Harvey Keitel', 'Après un braquage de bijouterie raté, des criminels se cachent et suspectent un traître.', '1992-09-02'),
('Comédie', 'Snatch : Tu braques ou tu raques', 'Brad Pitt', 'Des parieurs, des truands et un boxeur gitan se croisent autour d''un diamant volé.', '2000-11-15'),
('Drame', 'Requiem for a Dream', 'Jared Leto', 'La descente aux enfers brutale de quatre individus sombrant dans différentes addictions.', '2001-03-21'),
('Thriller', 'Memento', 'Guy Pearce', 'Un homme souffrant d''amnésie immédiate traque le meurtrier de sa femme à l''aide de photos.', '2000-10-11'),
('Policier', 'Heat', 'Al Pacino', 'Un inspecteur obsessionnel de la police se lance dans un duel psychologique face à un braqueur.', '1996-02-21'),
('Aventure', 'Gladiator', 'Russell Crowe', 'Un général romain déchu cherche la vengeance dans l''arène après le meurtre de sa famille.', '2000-06-20'),
('Drame', 'Le Pianiste', 'Adrien Brody', 'Un brillant musicien juif tente de survivre dans le ghetto de Varsovie durant l''occupation.', '2002-09-25'),
('Drame', 'La Couleur Pourpre', 'Whoopi Goldberg', 'Le parcours difficile d''une jeune femme noire du Sud des États-Unis au début du siècle.', '1986-05-14'),
('Aventure', 'Les Goonies', 'Sean Astin', 'Une bande d''adolescents découvre une vieille carte et part à la recherche du trésor d''un pirate.', '1985-12-04'),
('Drame', 'Un homme d''exception', 'Russell Crowe', 'La vie d''un mathématicien de génie dont la carrière est bouleversée par la schizophrénie.', '2002-03-13'),
('Guerre', 'La Ligne rouge', 'Sean Penn', 'Les dilemmes philosophiques et la terreur de soldats américains durant la bataille de Guadalcanal.', '1999-02-24'),
('Thriller', 'Old Boy', 'Choi Min-sik', 'Un homme séquestré sans raison pendant 15 ans est libéré et cherche frénétiquement à se venger.', '2004-09-29'),
('Drame', 'Gran Torino', 'Clint Eastwood', 'Un vétéran raciste de la guerre de Corée prend la défense de ses jeunes voisins immigrés.', '2009-02-25'),
('Drame', 'La Chasse', 'Mads Mikkelsen', 'La vie d''un instituteur bascule lorsqu''une fillette l''accuse injustement de pédophilie.', '2012-11-14'),
('Thriller', 'Les Infiltrés', 'Leonardo DiCaprio', 'Un flic infiltre la mafia tandis qu''un criminel infiltre la police de Boston.', '2006-11-29'),
('Drame', 'La Rumeur', 'Audrey Hepburn', 'Deux enseignantes voient leur vie détruite par la rumeur malveillante d''une élève.', '1962-07-25'),
('Action', 'Le Samouraï', 'Alain Delon', 'Un tueur à gages méthodique et solitaire se retrouve traqué à la fois par la police et ses clients.', '1967-10-25'),
('Animation', 'Le Tombeau des lucioles', 'Tsutomu Tatsumi Voice', 'Deux jeunes orphelins luttent désespérément pour survivre dans le Japon de la fin de la guerre.', '1988-04-16');






-------------------------------------------------------------------😁😁🤣😁----------------------------------------------------------------------------







INSERT INTO FILM_CULL(TYPE_DE_FILM, TITRE, ACTEUR_PR, HISTOIRE, DATE_DE_SORTIE) VALUES 
('Science-Fiction', 'Everything Everywhere All at Once', 'Michelle Yeoh', 'Une immigrée chinoise se retrouve plongée dans le multivers pour sauver son monde.', '2022-08-31'),
('Drame', 'Babylon', 'Brad Pitt', 'L''ascension et la chute de plusieurs figures d''Hollywood lors de la transition vers le parlant.', '2023-01-18'),
('Action', 'Top Gun: Maverick', 'Tom Cruise', 'Après trente ans de service, Maverick forme de jeunes recrues pour une mission suicide.', '2022-05-25'),
('Biopic', 'Elvis', 'Austin Butler', 'La vie et l''œuvre musicale d''Elvis Presley à travers ses rapports complexes avec son manager.', '2022-06-22'),
('Thriller', 'Glass Onion : Une histoire à couteaux tirés', 'Daniel Craig', 'Le détective Benoit Blanc se rend en Grèce pour élucider une énigme entourant un milliardaire.', '2022-12-23'),
('Drame', 'Spider-Man: No Way Home', 'Tom Holland', 'Peter Parker demande l''aide du Docteur Strange pour faire oublier son identité secrète.', '2021-12-15'),
('Comédie', 'Barbie', 'Margot Robbie', 'Stéréotypée au sein de Barbieland, Barbie commence à traverser une crise existentielle.', '2023-07-19'),
('Drame', 'The Whale', 'Brendan Fraser', 'Un professeur d''anglais reclus souffrant d''obésité morbide tente de renouer avec sa fille.', '2023-03-08'),
('Drame', 'Anatomie d''une chute', 'Sandra Hüller', 'Une femme est accusée du meurtre de son mari, retrouvé mort au pied de leur chalet.', '2023-08-23'),
('Aventure', 'The Batman', 'Robert Pattinson', 'Batman explore la corruption de Gotham en traquant le Sphinx, un tueur en série sadique.', '2022-03-02'),
('Science-Fiction', 'Tenet', 'John David Washington', 'Un agent secret manipule l''écoulement du temps pour empêcher une Troisième Guerre mondiale.', '2020-08-26'),
('Drame', '1917', 'George MacKay', 'Deux jeunes soldats britanniques traversent les lignes ennemies pour délivrer un message vital.', '2020-01-15'),
('Guerre', 'Dunkerque', 'Fionn Whitehead', 'L''évacuation dramatique des troupes alliées encerclées par l''armée allemande en 1940.', '2017-07-19'),
('Drame', 'Bohemian Rhapsody', 'Rami Malek', 'Le parcours du groupe de rock culte Queen et de son chanteur charismatique Freddie Mercury.', '2018-10-31'),
('Comédie', 'Green Book : Sur les routes du Sud', 'Viggo Mortensen', 'Un videur italo-américain devient le chauffeur d''un pianiste de jazz noir en tournée.', '2019-01-23'),
('Science-Fiction', 'Premier Contact', 'Amy Adams', 'Une linguiste tente de décoder le langage d''extraterrestres venus sur la Terre.', '2016-12-07'),
('Drame', 'The Revenant', 'Leonardo DiCaprio', 'Un trappeur laissé pour mort par ses équipiers lutte pour survivre et se venger.', '2016-02-24'),
('Action', 'Mad Max: Fury Road', 'Tom Hardy', 'Dans un désert post-apocalyptique, deux rebelles fuient un tyran à bord d''un camion.', '2015-05-14'),
('Science-Fiction', 'Seul sur Mars', 'Matt Damon', 'Un astronaute présumé mort est abandonné sur Mars et doit utiliser son ingéniosité.', '2015-10-21'),
('Drame', 'Whiplash', 'Miles Teller', 'Un jeune batteur de jazz intègre un orchestre dirigé par un professeur tyrannique.', '2014-12-24'),
('Science-Fiction', 'Her', 'Joaquin Phoenix', 'Un homme solitaire tombe amoureux du système d''exploitation de son ordinateur.', '2014-03-19'),
('Drame', 'Le Loup de Wall Street', 'Leonardo DiCaprio', 'L''ascension flamboyante et la chute d''un courtier en bourse corrompu à New York.', '2013-12-25'),
('Drame', 'Django Unchained', 'Jamie Foxx', 'Un esclave libéré s''associe à un chasseur de primes pour délivrer sa femme.', '2013-01-16'),
('Thriller', 'Gone Girl', 'Ben Affleck', 'Un homme devient le suspect numéro un après la disparition mystérieuse de sa femme.', '2014-10-08'),
('Science-Fiction', 'Gravity', 'Sandra Bullock', 'Deux astronautes se retrouvent perdus dans l''espace après la destruction de leur navette.', '2013-10-23'),
('Thriller', 'Prisoners', 'Hugh Jackman', 'Un père désespéré kidnappe le suspect principal après la disparition de sa fille.', '2013-10-09'),
('Thriller', 'Shutter Island', 'Leonardo DiCaprio', 'Un marshal enquête sur la disparition d''une patiente dans un hôpital psychiatrique.', '2010-02-24'),
('Drame', 'The Social Network', 'Jesse Eisenberg', 'L''histoire de la création du réseau social Facebook et des poursuites judiciaires.', '2010-10-13'),
('Drame', 'Slumdog Millionaire', 'Dev Patel', 'Un jeune des bidonvilles de Mumbai se retrouve à la question finale d''un jeu télé.', '2009-01-14'),
('Drame', 'No Country for Old Men', 'Josh Brolin', 'Un chasseur tombe sur une transaction de drogue ratée et s''enfuit avec une valise d''argent.', '2008-01-23'),
('Thriller', 'Zodiac', 'Jake Gyllenhaal', 'Un dessinateur de presse s''obsède pour l''identité d''un mystérieux tueur en série.', '2007-05-17'),
('Drame', 'Le Secret de Brokeback Mountain', 'Heath Ledger', 'L''histoire d''amour secrète et tragique entre deux cow-boys sur plusieurs décennies.', '2006-01-18'),
('Romance', 'Eternal Sunshine of the Spotless Mind', 'Jim Carrey', 'Un homme décide d''effacer chirurgicalement tous les souvenirs de son ex-petite amie.', '2004-10-06'),
('Action', 'Kill Bill : Volume 1', 'Uma Thurman', 'Une mariée laissée pour morte se réveille d''un coma et entame une vengeance sanglante.', '2003-11-26'),
('Drame', 'Le Pianiste', 'Adrien Brody', 'Un musicien juif tente de survivre dans le ghetto de Varsovie sous l''occupation nazie.', '2002-09-25'),
('Animation', 'Le Voyage de Chihiro', 'Rumi Hiiragi Voice', 'Une fillette entre dans le monde des esprits pour sauver ses parents transformés.', '2002-04-10'),
('Drame', 'American Beauty', 'Kevin Spacey', 'Un père de famille en crise de la quarantaine s''entiche de la meilleure amie de sa fille.', '2000-02-02'),
('Thriller', 'Sixième Sens', 'Bruce Willis', 'Un psychologue pour enfants tente d''aider un petit garçon qui affirme voir des morts.', '2000-01-05'),
('Guerre', 'Il faut sauver le soldat Ryan', 'Tom Hanks', 'Une escouade américaine recherche un soldat dont tous les frères sont morts au combat.', '1998-09-30'),
('Thriller', 'Seven', 'Brad Pitt', 'Deux inspecteurs traquent un tueur en série qui s''inspire des sept péchés capitaux.', '1996-01-31');









------------------------------------------------------------------------------------🤤😄🤣-------------------------------------------------------------






INSERT INTO FILM_CULL(TYPE_DE_FILM, TITRE, ACTEUR_PR, HISTOIRE, DATE_DE_SORTIE) VALUES 
('Science-Fiction', 'Blade Runner', 'Harrison Ford', 'Un détective est chargé de traquer et d''éliminer des réplicants rebelles à Los Angeles.', '1982-09-15'),
('Drame', 'Les Temps Modernes', 'Charlie Chaplin', 'Charlot se bat pour survivre dans le monde industriel des usines et des machines.', '1936-09-24'),
('Action', 'Scarface', 'Al Pacino', 'Un réfugié cubain débarque à Miami et devient le baron de la drogue le plus redouté.', '1984-03-07'),
('Drame', 'Le Dictateur', 'Charlie Chaplin', 'Une satire féroce et historique d''un barbier juif confondu avec un dictateur impitoyable.', '1945-04-04'),
('Drame', 'Le Parrain, 2e partie', 'Al Pacino', 'La jeunesse de Vito Corleone et l''ascension de son fils Michael à la tête de la famille.', '1975-08-27'),
('Western', 'Le Bon, la Brute et le Truand', 'Clint Eastwood', 'Trois aventuriers recherchent un trésor caché pendant la guerre de Sécession.', '1968-03-08'),
('Science-Fiction', 'Star Wars : Un nouvel espoir', 'Mark Hamill', 'Un jeune fermier s''allie à un maître Jedi et un pilote pour sauver la galaxie.', '1977-10-19'),
('Drame', 'Amadeus', 'F. Murray Abraham', 'La rivalité obsessionnelle et destructrice du compositeur Salieri envers le génie de Mozart.', '1984-10-31'),
('Aventure', 'Indiana Jones et la Dernière Croisade', 'Harrison Ford', 'Indiana Jones se lance à la recherche de son père disparu et du Saint Graal.', '1989-10-18'),
('Comédie', 'The Big Lebowski', 'Jeff Bridges', 'Un joueur de bowling fainéant se retrouve mêlé à une affaire de rançon suite à un quiproquo.', '1998-04-22'),
('Thriller', 'Fargo', 'Frances McDormand', 'Une policière enceinte enquête sur un triple homicide lié à un enlèvement raté.', '1996-09-04'),
('Action', 'Heat', 'Al Pacino', 'Un inspecteur de police obsessionnel traque un braqueur de banque brillant à Los Angeles.', '1996-02-21'),
('Drame', 'Le Cercle des poètes disparus', 'Robin Williams', 'Un professeur de lettres charismatique inspire ses élèves à travers la poésie.', '1989-12-06'),
('Science-Fiction', 'Minority Report', 'Tom Cruise', 'Un policier du futur est lui-même accusé d''un meurtre qu''il n''a pas encore commis.', '2002-10-02'),
('Aventure', 'Pirates des Caraïbes : La Malédiction du Black Pearl', 'Johnny Depp', 'Un pirate excentrique s''allie à un jeune forgeron pour sauver la fille du gouverneur.', '2003-08-13'),
('Drame', 'Incendies', 'Lubna Azabal', 'Des jumeaux voyagent au Moyen-Orient pour accomplir les dernières volontés de leur mère.', '2011-01-12'),
('Thriller', 'Gone Girl', 'Ben Affleck', 'Un homme devient le suspect principal après la disparition mystérieuse de sa femme.', '2014-10-08'),
('Drame', 'Lion', 'Dev Patel', 'Un jeune Indien adopté par une famille australienne cherche ses origines grâce à Google Earth.', '2017-02-15'),
('Thriller', 'La Planète des Singes : L''Affrontement', 'Andy Serkis', 'Une nation de singes évolués fait face à un groupe de survivants humains après un virus.', '2014-07-30'),
('Comédie', 'Knives Out : À couteaux tirés', 'Daniel Craig', 'Un détective enquête sur la mort suspecte d''un riche écrivain au sein de sa famille excentrique.', '2019-11-27'),
('Drame', 'Jojo Rabbit', 'Roman Griffin Davis', 'Un jeune garçon allemand durant la guerre voit ses convictions bousculées par une jeune fille juive.', '2020-01-29'),
('Drame', 'The Father', 'Anthony Hopkins', 'Un vieil homme refuse l''aide de sa fille alors qu''il commence à douter de sa propre réalité.', '2021-05-26'),
('Action', 'The Batman', 'Robert Pattinson', 'Batman explore la corruption de Gotham en traquant le Sphinx, un tueur en série sadique.', '2022-03-02'),
('Biopic', 'Ferrari', 'Adam Driver', 'Durant l''été 1957, l''ex-pilote Enzo Ferrari traverse une crise majeure et mise tout sur une course.', '2023-12-14'),
('Science-Fiction', 'Furiosa : Une saga Mad Max', 'Anya Taylor-Joy', 'Le parcours de la jeune Furiosa alors qu''elle est arrachée à sa famille par une horde de motards.', '2024-05-22'),
('Drame', 'Le Comte de Monte-Cristo', 'Pierre Niney', 'Injustement emprisonné, Edmond Dantès s''évade après 14 ans et prépare une vengeance millimétrée.', '2024-06-28'),
('Biopic', 'A Complete Unknown', 'Timothée Chalamet', 'L''arrivée du jeune Bob Dylan à New York et son ascension fulgurante dans le monde de la musique folk.', '2024-12-25'),
('Action', 'Mickey 17', 'Robert Pattinson', 'Un employé jetable envoyé coloniser un monde de glace refuse de laisser son clone le remplacer.', '2025-01-31'),
('Thriller', 'Sinners', 'Michael B. Jordan', 'Deux frères jumeaux tentent de laisser leur passé derrière eux en retournant dans leur ville natale.', '2025-03-07'),
('Action', 'Superman', 'David Corenswet', 'Le voyage de Superman pour réconcilier son héritage kryptonien avec sa vie humaine dans le Kansas.', '2025-07-11'),
('Horreur', 'The Conjuring : Les Dossiers Warren', 'Vera Farmiga', 'Un couple de chasseurs de fantômes aide une famille terrifiée par un esprit maléfique.', '2013-08-21'),
('Science-Fiction', 'District 9', 'Sharlto Copley', 'Des extraterrestres réfugiés sur Terre sont confinés dans un bidonville en Afrique du Sud.', '2009-09-16'),
('Thriller', 'Black Swan', 'Natalie Portman', 'Une danseuse de ballet sombre dans la paranoïa en préparant le rôle principal du Lac des Cygnes.', '2011-02-09'),
('Animation', 'Zootopie', 'Ginnifer Goodwin Voice', 'Une lapine policière s''allie à un renard escroc pour résoudre une série de disparitions.', '2016-02-17'),
('Drame', 'Le Truman Show', 'Jim Carrey', 'Un agent d''assurances découvre que sa vie entière est une émission de télé-réalité.', '1998-10-28'),
('Action', 'John Wick : Chapitre 4', 'Keanu Reeves', 'John Wick trouve un moyen de vaincre la Grande Table pour gagner définitivement sa liberté.', '2023-03-22'),
('Drame', 'La Ligne Rouge', 'Sean Penn', 'Les dilemmes philosophiques et la terreur de soldats américains durant la bataille de Guadalcanal.', '1999-02-24'),
('Drame', 'Gran Torino', 'Clint Eastwood', 'Un vétéran de la guerre de Corée prend la défense de ses jeunes voisins immigrés.', '2009-02-25'),
('Drame', 'La Chasse', 'Mads Mikkelsen', 'La vie d''un instituteur bascule lorsqu''une fillette l''accuse injustement de pédophilie.', '2012-11-14'),
('Thriller', 'Les Infiltrés', 'Leonardo DiCaprio', 'Un flic infiltre la mafia tandis qu''un criminel infiltre la police de Boston.', '2006-11-29');







-------------------------------------------------------------------------------------🙄😭🥱------------------------------------------------------------







INSERT INTO FILM_CULL(TYPE_DE_FILM, TITRE, ACTEUR_PR, HISTOIRE, DATE_DE_SORTIE) VALUES 
('Animation', 'Spider-Man: Across the Spider-Verse', 'Shameik Moore', 'Miles Morales est catapulté à travers le Multivers où il rencontre une équipe de Spider-Héros.', '2023-05-31'),
('Drame', 'Les Huit Salopards', 'Samuel L. Jackson', 'Après la guerre de Sécession, des chasseurs de primes cherchent refuge dans un refuge de montagne.', '2016-01-06'),
('Science-Fiction', 'Blade Runner 2049', 'Ryan Gosling', 'Un nouvel officier de police de Los Angeles déterre un secret enfoui qui pourrait changer le monde.', '2017-10-04'),
('Thriller', 'Night Call', 'Jake Gyllenhaal', 'Un jeune homme déterminé s''infiltre dans le monde du journalisme criminel nocturne à Los Angeles.', '2014-11-26'),
('Comédie', 'Babysitting', 'Philippe Lacheau', 'Un employé accepte de garder le fils de son patron, mais la soirée tourne à la catastrophe.', '2014-04-16'),
('Action', 'Mission: Impossible - Fallout', 'Tom Cruise', 'Ethan Hunt et son équipe doivent récupérer du plutonium volé avant qu''il ne soit utilisé.', '2018-08-01'),
('Thriller', 'Sicario', 'Emily Blunt', 'Une agente idéaliste du FBI est recrutée pour aider une force d''élite contre les cartels.', '2015-10-07'),
('Drame', 'Le Mans 66', 'Matt Damon', 'Une équipe de designers et un pilote conçoivent une voiture pour battre Ferrari au Mans.', '2019-11-13'),
('Drame', 'Ford v Ferrari', 'Christian Bale', 'L''histoire vraie de la rivalité entre Ford et Ferrari lors des 24 Heures du Mans 1966.', '2019-11-15'),
('Animation', 'Dragons', 'Jay Baruchel Voice', 'Un jeune viking timide se lie d''amitié avec un dragon blessé qu''il était censé chasser.', '2010-03-31'),
('Comédie', 'OSS 117 : Le Caire, nid d''espions', 'Jean Dujardin', 'Un espion français arrogant et maladroit est envoyé en Égypte pour enquêter sur une disparition.', '2006-04-19'),
('Drame', 'The Social Network', 'Jesse Eisenberg', 'L''histoire complexe derrière la création de Facebook et les batailles juridiques qui ont suivi.', '2010-10-13'),
('Science-Fiction', 'Les Fils de l''homme', 'Clive Owen', 'Dans un monde frappé par l''infertilité humaine, un homme doit protéger la seule femme enceinte.', '2006-12-06'),
('Western', 'Les Sept Mercenaires', 'Yul Brynner', 'Un petit village de paysans mexicains engage sept tireurs d''élite pour les protéger des bandits.', '1961-02-01'),
('Drame', 'La Fièvre du samedi soir', 'John Travolta', 'Un jeune homme d''origine modeste trouve sa liberté chaque week-end sur la piste de danse d''une discothèque.', '1978-04-05'),
('Thriller', 'Split', 'James McAvoy', 'Un homme aux multiples personnalités distinctes kidnappe trois adolescentes dans un sous-sol.', '2017-02-22'),
('Action', 'Uncharted', 'Tom Holland', 'Un jeune voleur est recruté par un chasseur de trésors pour retrouver la fortune de Magellan.', '2022-02-16'),
('Biopic', 'The Iron Claw', 'Zac Efron', 'La tragédie et le triomphe de la famille Von Erich, dynastie de catcheurs des années 1980.', '2024-01-24'),
('Action', 'The Gray Man', 'Ryan Gosling', 'Un agent secret de la CIA découvre des secrets compromettants et devient la cible de tueurs.', '2022-07-22'),
('Drame', 'Chambre 212', 'Chiara Mastroianni', 'Une femme quitte le domicile conjugal pour s''installer dans l''hôtel d''en face et réfléchir à sa vie.', '2019-10-09'),
('Science-Fiction', 'Prestige', 'Hugh Jackman', 'Au XIXe siècle, deux magiciens rivaux s''engagent dans un duel obsessionnel de tours de magie.', '2006-11-15'),
('Thriller', 'La Isla Mínima', 'Raúl Arévalo', 'En 1980, deux policiers espagnols traquent un tueur en série au cœur des marécages du Sud.', '2015-07-15'),
('Guerre', 'Joyeux Noël', 'Guillaume Canet', 'Pendant la Première Guerre mondiale, une trêve fraternelle s''organise dans les tranchées pour Noël.', '2005-11-09'),
('Comédie', 'Asterix & Obelix : Mission Cleopatre', 'Gérard Depardieu', 'Un architecte égyptien fait appel aux Gaulois et à leur potion magique pour construire un palais.', '2002-01-30'),
('Thriller', 'Insomnia', 'Al Pacino', 'Un détective fatigué enquête sur un meurtre en Alaska sous le phénomène du soleil de minuit.', '2002-11-06'),
('Science-Fiction', 'Chronicle', 'Dane DeHaan', 'Trois lycéens se découvrent des super-pouvoirs après avoir touché une mystérieuse roche.', '2012-02-22'),
('Horreur', 'Sans un bruit', 'Emily Blunt', 'Une famille doit vivre dans le silence absolu pour échapper à des créatures sensibles aux sons.', '2018-06-20'),
('Drame', 'Drive Drive My Car', 'Hidetoshi Nishijima', 'Un metteur en scène de théâtre noue une relation de confiance avec sa jeune chauffeuse taciturne.', '2021-08-18'),
('Comédie', 'Supercondriaque', 'Dany Boon', 'Un photographe d''âge mûr souffre d''hypocondrie aiguë et complique la vie de son seul ami médecin.', '2014-02-26'),
('Action', 'Speed', 'Keanu Reeves', 'Un policier doit monter à bord d''un bus piégé par une bombe qui explosera si la vitesse chute.', '1994-08-24');






---------------------------------------------------------------------🥱👌❤️------------------------------------------------------------------------






INSERT INTO FILM_CULL(TYPE_DE_FILM, TITRE, ACTEUR_PR, HISTOIRE, DATE_DE_SORTIE) VALUES 
('Action', 'Lethal Weapon', 'Mel Gibson', 'Un policier vétéran fait équipe avec un coéquipier instable pour démanteler un réseau.', '1987-08-05'),
('Science-Fiction', 'The Fifth Element', 'Bruce Willis', 'Un chauffeur de taxi du futur doit protéger un être suprême capable de sauver l''univers.', '1997-05-07'),
('Drame', 'Edward Scissorhands', 'Johnny Depp', 'Un jeune homme incomplet doté de ciseaux à la place des mains est accueilli dans une banlieue.', '1991-04-10'),
('Comédie', 'Mrs. Doubtfire', 'Robin Williams', 'Un père divorcé se déguise en gouvernante âgée pour passer du temps avec ses enfants.', '1994-02-09'),
('Thriller', 'Misery', 'James Caan', 'Un écrivain à succès est séquestré par une admiratrice psychopathe après un accident.', '1991-03-13'),
('Science-Fiction', 'RoboCop', 'Peter Weller', 'Un policier mortellement blessé est transformé en cyborg cyborg invincible pour nettoyer la ville.', '1988-01-20'),
('Aventure', 'Cast Away', 'Tom Hanks', 'Un employé de FedEx doit survivre seul sur une île déserte après un crash aérien.', '2001-01-17'),
('Comédie', 'Liar Liar', 'Jim Carrey', 'Un avocat ambitieux se retrouve incapable de mentir pendant 24 heures à cause d''un vœu.', '1997-06-25'),
('Guerre', 'Platoon', 'Charlie Sheen', 'Un jeune soldat américain est confronté à la dualité morale et à l''horreur de la guerre du Vietnam.', '1987-03-25'),
('Thriller', 'Cape Fear', 'Robert De Niro', 'Un criminel sadique sort de prison pour terroriser l''avocat qui l''a mal défendu.', '1992-02-26'),
('Action', 'Face/Off', 'John Travolta', 'Un agent du FBI échange littéralement de visage avec un terroriste pour déjouer un attentat.', '1997-09-10'),
('Comédie', 'The Mask', 'Jim Carrey', 'Un employé de banque timide trouve un masque magique qui libère ses désirs les plus fous.', '1994-10-26'),
('Drame', 'Philadelphia', 'Tom Hanks', 'Un brillant avocat homosexuel attaque son cabinet en justice pour licenciement abusif lié au SIDA.', '1994-03-02'),
('Action', 'Con Air', 'Nicolas Cage', 'Un prisonnier modèle libéré sur parole se retrouve piégé dans un avion de détenus mutins.', '1997-06-06'),
('Thriller', 'Primal Fear', 'Richard Gere', 'Un avocat arrogant défend un jeune de choeur timide accusé du meurtre d''un archevêque.', '1996-06-05'),
('Drame', 'Dead Poets Society', 'Robin Williams', 'Un professeur de lettres charismatique pousse ses élèves à refuser le conformisme.', '1989-12-06'),
('Animation', 'Monsters, Inc.', 'John Goodman Voice', 'Deux monstres professionnels de la terreur voient leur vie basculer lorsqu''une petite fille s''infiltre chez eux.', '2002-03-20'),
('Science-Fiction', 'Signs', 'Mel Gibson', 'Une famille de fermiers découvre de mystérieux cercles tracés dans leurs champs de maïs.', '2002-10-02'),
('Aventure', 'National Treasure', 'Nicolas Cage', 'Un historien se lance à la recherche du trésor légendaire des Templiers caché aux États-Unis.', '2004-12-22'),
('Action', 'Bad Boys', 'Will Smith', 'Deux policiers de Miami aux méthodes opposées protègent le seul témoin d''un meurtre.', '1995-07-05'),
('Thriller', 'Panic Room', 'Jodie Foster', 'Une mère et sa fille se réfugient dans une pièce sécurisée de leur maison face à des cambrioleurs.', '2002-04-24'),
('Comédie', 'Tropic Thunder', 'Ben Stiller', 'Des acteurs gâtés tournant un film de guerre se retrouvent traqués par de vrais guérilleros.', '2008-10-15'),
('Drame', 'The Pursuit of Happyness', 'Will Smith', 'Un père de famille courageux surmonte la pauvreté extrême pour offrir un avenir à son fils.', '2007-01-31'),
('Horreur', 'The Ring', 'Naomi Watts', 'Une journaliste enquête sur une mystérieuse cassette vidéo qui tue ceux qui la regardent.', '2003-02-05'),
('Action', 'The Bourne Identity', 'Matt Damon', 'Un homme amnésique est repêché en mer et traqué par des tueurs tout en cherchant son identité.', '2002-09-11'),
('Comédie', 'Hangover', 'Bradley Cooper', 'Trois amis se réveillent d''un enterrement de vie de garçon sans aucun souvenir de la veille.', '2009-06-24'),
('Thriller', 'Source Code', 'Jake Gyllenhaal', 'Un soldat voyage dans le temps pour revivre les huit dernières minutes d''un train avant son explosion.', '2011-04-20'),
('Science-Fiction', 'Looper', 'Joseph Gordon-Levitt', 'Dans le futur, des tueurs éliminent des cibles envoyées du futur par la mafia.', '2012-10-31'),
('Action', 'The Equalizer', 'Denzel Washington', 'Un ancien agent secret sort de sa retraite pour protéger une jeune fille des griffes de mafieux.', '2014-10-01'),
('Thriller', 'The Girl with the Dragon Tattoo', 'Daniel Craig', 'Un journaliste et une hackeuse enquêtent sur une disparition vieille de quarante ans.', '2012-01-18'),
('Animation', 'Inside Out', 'Amy Poehler Voice', 'Une petite fille grandit et ses émotions tentent de cohabiter au centre de contrôle de son esprit.', '2015-06-17'),
('Drame', 'Spotlight', 'Mark Ruffalo', 'Une équipe de journalistes du Boston Globe révèle un scandale de pédophilie au sein de l''Église.', '2016-01-27'),
('Aventure', 'The Jungle Book', 'Neel Sethi', 'Le jeune Mowgli quitte la meute de loups qui l''a élevé pour échapper au redoutable Shere Khan.', '2016-04-13'),
('Action', 'Baby Driver', 'Ansel Elgort', 'Un jeune chauffeur de braquages doué utilise sa musique pour devenir le meilleur de sa profession.', '2017-07-19'),
('Thriller', 'A Quiet Place Part II', 'Emily Blunt', 'La famille Abbott doit affronter les dangers du monde extérieur tout en vivant dans le silence.', '2021-06-16'),
('Science-Fiction', 'Free Guy', 'Ryan Reynolds', 'Un employé de banque découvre qu''il est un personnage non-joueur dans un jeu vidéo en ligne.', '2021-08-11');
